﻿OBJECTID,pri_neigh,sec_neigh,ORIG_FID,x,y
1,Grand Boulevard,BRONZEVILLE,1,-87.6178580533837,41.8129607675847
2,Printers Row,PRINTERS ROW,2,-87.6290364866584,41.870973374015
3,United Center,UNITED CENTER,3,-87.6791399524598,41.8819789544054
4,Sheffield & DePaul,SHEFFIELD & DEPAUL,4,-87.6536698143933,41.9271894500483
5,Humboldt Park,HUMBOLDT PARK,5,-87.716503827109,41.9009058561432
6,Garfield Park,GARFIELD PARK,6,-87.7156705013424,41.8787990025974
7,North Lawndale,NORTH LAWNDALE,7,-87.7171996217038,41.8601972459268
8,Little Village,LITTLE VILLAGE,8,-87.7139982335421,41.8390967414656
9,Armour Square,"ARMOUR SQUARE,CHINATOWN",9,-87.6332284407957,41.8361115018325
10,Avalon Park,"AVALON PARK,CALUMET HEIGHTS",10,-87.586357319999,41.7441996993545
11,Burnside,"CHATHAM,BURNSIDE",11,-87.596472574677,41.7281895763782
12,Hermosa,"BELMONT CRAIGIN,HERMOSA",12,-87.7347537327232,41.9243557674712
13,Avondale,"IRVING PARK,AVONDALE",13,-87.7112079090644,41.938643822534
14,Logan Square,LOGAN SQUARE,14,-87.7073869896821,41.9231853736585
15,Calumet Heights,"AVALON PARK,CALUMET HEIGHTS",15,-87.5727133526293,41.7296739300607
16,East Side,SOUTHEAST SIDE,16,-87.5348973244567,41.7073339694786
17,West Pullman,WEST PULLMAN,17,-87.6357312486869,41.6738129587493
18,Garfield Ridge,MIDWAY AIRPORT,18,-87.7641923968479,41.7961907110765
19,New City,BACK OF THE YARDS,19,-87.6591720260513,41.8090196563496
20,Englewood,ENGLEWOOD,20,-87.6547041822222,41.7765746995022
21,Grand Crossing,"SOUTH SHORE, GRAND CROSSING",21,-87.6161248905869,41.7632397097138
22,Ashburn,ASHBURN,22,-87.7083507696926,41.7457435200302
23,Mount Greenwood,"MOUNT GREENWOOD,MORGAN PARK",23,-87.7131881921077,41.6948724084223
24,Morgan Park,"MOUNT GREENWOOD,MORGAN PARK",24,-87.6690610777542,41.6897196845442
25,O'Hare,OHARE,25,-87.8937062447577,41.9756871306579
26,Jackson Park,JACKSON PARK,26,-87.5799585393818,41.781858467373
27,Loop,LOOP,27,-87.62700992331,41.8800578899311
28,Pullman,PULLMAN,28,-87.5982457160972,41.7061206032919
29,Riverdale,RIVERDALE,29,-87.6028507012292,41.6601489329787
30,Hegewisch,SOUTHEAST SIDE,30,-87.5465848069517,41.6605421708174
31,Greektown,GREEKTOWN,31,-87.6471075017669,41.878537111802
32,Douglas,BRONZEVILLE,32,-87.6186782583573,41.8351251093816
33,Museum Campus,MUSEUM CAMPUS,33,-87.6124769436092,41.8591341223506
34,Edgewater,EDGEWATER,34,-87.6623297722599,41.9883969001687
35,Lake View,LAKE VIEW,35,-87.6560886055509,41.9436522091291
36,Lincoln Park,LINCOLN PARK,36,-87.6501396643971,41.9232547331256
37,Magnificent Mile,STREETERVILLE,37,-87.6241820699147,41.894810919844
38,Lincoln Square,LINCOLN SQUARE,38,-87.6875199683345,41.975182195212
39,Oakland,"OAKLAND,KENWOOD",39,-87.6032243518784,41.8237651238703
40,Grant Park,GRANT PARK,40,-87.6208403271763,41.8742793319409
41,West Loop,WEST LOOP,41,-87.6487319944655,41.8776892163184
42,Fuller Park,BACK OF THE YARDS,42,-87.632424256377,41.8090494900697
43,Andersonville,ANDERSONVILLE,43,-87.6678673416074,41.979843604549
44,Woodlawn,WOODLAWN,44,-87.6016937205506,41.7787812925235
45,Portage Park,PORTAGE PARK,45,-87.763398355307,41.9540323256743
46,Rush & Division,RUSH & DIVISION,46,-87.6290743533425,41.8992339161097
47,"Little Italy, UIC","LITTLE ITALY, UIC",47,-87.6677843947674,41.8675563426701
48,Kenwood,"KENWOOD,OAKLAND",48,-87.596174166916,41.8089187019533
49,Rogers Park,ROGERS PARK,49,-87.6701640580062,42.0096169333465
50,Jefferson Park,JEFFERSON PARK,50,-87.77117075791,41.9788356567233
51,"Sauganash,Forest Glen","SAUGANASH,FOREST GLEN",51,-87.7583393068332,41.9939321047392
52,North Park,"NORTH PARK,ALBANY PARK",52,-87.7235814115857,41.9836423215506
53,Albany Park,"NORTH PARK,ALBANY PARK",53,-87.7215389606332,41.9680557056459
54,Irving Park,"IRVING PARK,AVONDALE",54,-87.7234472751475,41.953570326171
55,Dunning,DUNNING,55,-87.8060183373622,41.9465068338871
56,West Ridge,WEST RIDGE,56,-87.6950153673347,42.0015821687375
57,Uptown,UPTOWN,57,-87.6558793124628,41.9658191577696
58,Norwood Park,NORWOOD PARK,58,-87.8034514688115,41.9852408607753
59,Streeterville,STREETERVILLE,59,-87.6159486644844,41.8937307211215
60,South Shore,"SOUTH SHORE, GRAND CROSSING",60,-87.5727792476486,41.7615848431317
61,Chatham,"CHATHAM,BURNSIDE",61,-87.6159749357149,41.740200039457
62,South Chicago,SOUTH CHICAGO,62,-87.5514627496743,41.7412511169487
63,Roseland,"WASHINGTON HEIGHTS,ROSELAND",63,-87.6233658696307,41.7065898672984
64,North Center,NORTH CENTER,64,-87.683842891687,41.9478032480614
65,South Deering,SOUTHEAST SIDE,65,-87.5700430322938,41.6906433612306
66,Washington Park,WASHINGTON PARK,66,-87.617939977941,41.7923535077702
67,Millenium Park,MILLENIUM PARK,67,-87.6203846630367,41.8827873494436
68,Near South Side,NEAR SOUTH SIDE,68,-87.6239138707001,41.8563159586374
69,Chinatown,"ARMOUR SQUARE,CHINATOWN",69,-87.6351820178239,41.8517469671476
70,Chicago Lawn,"MARQUETTE PARK,GAGE PARK",70,-87.6956533086287,41.7718290687793
71,Auburn Gresham,AUBURN GRESHAM,71,-87.6562961334495,41.7442011920131
72,Beverly,BEVERLY,72,-87.6750680392956,41.713151311705
73,Washington Heights,"WASHINGTON HEIGHTS,ROSELAND",73,-87.648903972435,41.7174893366441
74,Edison Park,EDISON PARK,74,-87.813777724275,42.007611122629
75,Hyde Park,HYDE PARK,75,-87.5939037388158,41.7948229812443
76,Bucktown,BUCKTOWN,76,-87.6787814312367,41.9216796286308
77,Lower West Side,LOWER WEST SIDE,77,-87.667570268743,41.8502744595486
78,Wrigleyville,WRIGLEYVILLE,78,-87.6591045751499,41.9506000162372
79,Archer Heights,"ARCHER HEIGHTS,WEST ELSDON",79,-87.7263262947847,41.8108914449562
80,Brighton Park,"BRIGHTON PARK,MCKINLEY PARK",80,-87.6988425003638,41.817375888693
81,Mckinley Park,"BRIGHTON PARK,MCKINLEY PARK",81,-87.6725097568423,41.8299193068425
82,East Village,UKRAINIAN VILLAGE AND EAST VILLAGE,82,-87.6722756594726,41.8996293600146
83,West Town,"WICKER PARK,WEST TOWN",83,-87.6645086719142,41.8970245986461
84,Bridgeport,BRIDGEPORT,84,-87.6487872561268,41.836148225368
85,West Elsdon,"ARCHER HEIGHTS,WEST ELSDON",85,-87.7242049349194,41.7929911021734
86,Gage Park,"MARQUETTE PARK,GAGE PARK",86,-87.696435763699,41.7954162122602
87,Clearing,MIDWAY AIRPORT,87,-87.7685341324825,41.7795908987422
88,West Lawn,WEST LAWN,88,-87.7269076386225,41.7697912104616
89,Wicker Park,"WICKER PARK,WEST TOWN",89,-87.6798601354164,41.9086910548332
90,Ukrainian Village,UKRAINIAN VILLAGE AND EAST VILLAGE,90,-87.6845053749546,41.8994427764457
91,Galewood,"MONTCLARE, GALEWOOD",91,-87.7927894509425,41.9141728320327
92,Montclare,"MONTCLARE, GALEWOOD",92,-87.7980232621632,41.9293034766373
93,Old Town,OLD TOWN,93,-87.639797363226,41.9113630019859
94,Belmont Cragin,"BELMONT CRAGIN,HERMOSA",94,-87.7654962790249,41.9272608048386
95,Austin,AUSTIN,95,-87.7580052081077,41.8906469638049
96,Gold Coast,GOLD COAST,96,-87.6271162245508,41.9060228046462
97,Boystown,BOYSTOWN,97,-87.6474545919281,41.9439188929305
98,River North,RIVER NORTH,98,-87.6413115841302,41.899006905615
