﻿OBJECTID,nbrhood,nid,sfar_distr,ORIG_FID,x,y
1,Alamo Square,6e,District 6 - Central North,1,-122.434466919279,37.7765677684916
2,Anza Vista,6a,District 6 - Central North,2,-122.443348886785,37.7810128460416
3,Balboa Terrace,4a,District 4 - Twin Peaks West,3,-122.468468391734,37.731390867598
4,Bayview,10a,District 10 - Southeast,4,-122.392553807148,37.7341255279349
5,Bernal Heights,9a,District 9 - Central East,5,-122.41640502207,37.7398405846678
6,Buena Vista Park/Ashbury Heights,5f,District 5 - Central,6,-122.442255238232,37.7671633079269
7,Central Richmond,1a,District 1 - Northwest,7,-122.482129256415,37.7782315121902
8,Central Sunset,2e,District 2 - Central West,8,-122.486262566734,37.7584799901171
9,Clarendon Heights,5h,District 5 - Central,9,-122.448911979964,37.7584030909803
10,Corona Heights,5g,District 5 - Central,10,-122.440379321458,37.7632780179868
11,Cow Hollow,7d,District 7 - North,11,-122.435990766529,37.798056209104
12,Crocker Amazon,10b,District 10 - Southeast,12,-122.437972605455,37.7108428410921
13,Diamond Heights,4b,District 4 - Twin Peaks West,13,-122.442880712706,37.7429295642704
14,Downtown,8a,District 8 - Northeast,14,-122.412432312558,37.7882027536103
15,Duboce Triangle,5j,District 5 - Central,15,-122.432402170344,37.7671499867142
16,Eureka Valley / Dolores Heights,5k,District 5 - Central,16,-122.433280907745,37.7588426266677
17,Excelsior,10c,District 10 - Southeast,17,-122.42869067834,37.720896441659
18,Financial District/Barbary Coast,8b,District 8 - Northeast,18,-122.401808367087,37.7943346300939
19,Yerba Buena,9g,District 9 - Central East,19,-122.399811297226,37.7853506379379
20,Forest Hill,4c,District 4 - Twin Peaks West,20,-122.463499427216,37.7478087242806
21,Forest Hills Extension,4j,District 4 - Twin Peaks West,21,-122.458087337242,37.7441714074188
22,Forest Knolls,4d,District 4 - Twin Peaks West,22,-122.458367635865,37.7566618311439
23,Glen Park,5a,District 5 - Central,23,-122.434361245062,37.7369957813164
24,Golden Gate Heights,2a,District 2 - Central West,24,-122.469693170963,37.7513472257601
25,Golden Gate Park,,None,25,-122.481977903764,37.7690182805787
26,Haight Ashbury,5b,District 5 - Central,26,-122.445957337451,37.7704801186205
27,Hayes Valley,6b,District 6 - Central North,27,-122.428400655454,37.7739734872956
28,Hunters Point,10j,District 10 - Southeast,28,-122.374094660547,37.7331759202844
29,Ingleside,3h,District 3 - Southwest,29,-122.455456573322,37.7208621020413
30,Ingleside Heights,3g,District 3 - Southwest,30,-122.467534680133,37.7138013795153
31,Ingleside Terrace,4e,District 4 - Twin Peaks West,31,-122.46828299563,37.7250757513493
32,Inner Mission,9c,District 9 - Central East,32,-122.413561782331,37.758369532941
33,Inner Parkside,2g,District 2 - Central West,33,-122.473539509972,37.7445996906206
34,Inner Richmond,1b,District 1 - Northwest,34,-122.465524182255,37.7791677920817
35,Inner Sunset,2f,District 2 - Central West,35,-122.468298461924,37.7605918538933
36,Jordan Park / Laurel Heights,1c,District 1 - Northwest,36,-122.452719717468,37.7841527105678
37,Lake Street,1d,District 1 - Northwest,37,-122.4744843517,37.7858692645662
38,Monterey Heights,4m,District 4 - Twin Peaks West,38,-122.461210748942,37.7327015804368
39,Lake Shore,3a,District 3 - Southwest,39,-122.493167968425,37.7209493796513
40,Lakeside,3e,District 3 - Southwest,40,-122.473778734028,37.7268686482512
41,Lone Mountain,1g,District 1 - Northwest,41,-122.453021913425,37.778396152275
42,Lower Pacific Heights,6f,District 6 - Central North,42,-122.435378578138,37.7863169106483
43,Marina,7a,District 7 - North,43,-122.436993539711,37.803566379953
44,Merced Heights,3b,District 3 - Southwest,44,-122.467538270699,37.7197703849492
45,Merced Manor,3f,District 3 - Southwest,45,-122.478493391778,37.7328852476269
46,Midtown Terrace,4f,District 4 - Twin Peaks West,46,-122.452260011808,37.7508348645533
47,South Beach,9h,District 9 - Central East,47,-122.391839045524,37.7837105493447
48,Miraloma Park,4h,District 4 - Twin Peaks West,48,-122.450948644868,37.7391986152595
49,Mission Bay,9d,District 9 - Central East,49,-122.390836867925,37.7703379637659
50,Mission Dolores,5m,District 5 - Central,50,-122.425030578953,37.7642196053087
51,Mission Terrace,10h,District 10 - Southeast,51,-122.439539820672,37.7252604989793
52,Mount Davidson Manor,4r,District 4 - Twin Peaks West,52,-122.463332585813,37.7281631792557
53,Noe Valley,5c,District 5 - Central,53,-122.431701140368,37.7487307735097
54,North Beach,8d,District 8 - Northeast,54,-122.411865702887,37.8021005336468
55,North Panhandle,6f,District 6 - Central North,55,-122.444990752002,37.7755704523491
56,North Waterfront,8h,District 8 - Northeast,56,-122.408067218929,37.8056128665453
57,Oceanview,3j,District 3 - Southwest,57,-122.457743060604,37.7146916843377
58,Outer Mission,10d,District 10 - Southeast,58,-122.451648887022,37.7131090705755
59,Outer Parkside,2b,District 2 - Central West,59,-122.501652220314,37.7428980833996
60,Outer Richmond,1e,District 1 - Northwest,60,-122.501232599278,37.7763140354774
61,Outer Sunset,2c,District 2 - Central West,61,-122.503565692954,37.7577871080913
62,Pacific Heights,7b,District 7 - North,62,-122.434974850995,37.7923682414827
63,Parkside,2d,District 2 - Central West,63,-122.485201813588,37.7444998095949
64,Cole Valley/Parnassus Heights,5e,District 5 - Central,64,-122.451888654558,37.7638637167398
65,Pine Lake Park,3c,District 3 - Southwest,65,-122.485127729527,37.7357757784455
66,Portola,10f,District 10 - Southeast,66,-122.41187890902,37.7259508775705
67,Potrero Hill,9e,District 9 - Central East,67,-122.399305446907,37.7599753118433
68,Presidio,,None,68,-122.466433973517,37.7973653823595
69,Presidio Heights,7c,District 7 - North,69,-122.454392754226,37.7884680700319
70,Russian Hill,8e,District 8 - Northeast,70,-122.419361005768,37.8014128011018
71,Saint Francis Wood,4g,District 4 - Twin Peaks West,71,-122.46575449143,37.736168153681
72,Sea Cliff,1f,District 1 - Northwest,72,-122.489037574037,37.7868696478249
73,Silver Terrace,10g,District 10 - Southeast,73,-122.399636439258,37.7336033627065
74,South of Market,9f,District 9 - Central East,74,-122.4091185739,37.7751711543206
75,Stonestown,3d,District 3 - Southwest,75,-122.479358098392,37.7214783965274
76,Sunnyside,4s,District 4 - Twin Peaks West,76,-122.447211116992,37.7295524642272
77,Telegraph Hill,8g,District 8 - Northeast,77,-122.406587195091,37.8016637152484
78,Twin Peaks,5d,District 5 - Central,78,-122.444946041952,37.753144677784
79,Van Ness/Civic Center,8f,District 8 - Northeast,79,-122.42035267218,37.7822545639807
80,Visitacion Valley,10e,District 10 - Southeast,80,-122.411121956223,37.7141020077151
81,West Portal,4t,District 4 - Twin Peaks West,81,-122.467936930446,37.7400572215449
82,Western Addition,6d,District 6 - Central North,82,-122.431414257992,37.7815924738212
83,Westwood Highlands,4p,District 4 - Twin Peaks West,83,-122.456297540158,37.7338382378752
84,Westwood Park,4r,District 4 - Twin Peaks West,84,-122.456091893332,37.7274357158798
85,Lincoln Park,,None,85,-122.504245958373,37.7828184206151
86,Sherwood Forest,4k,District 4 - Twin Peaks West,86,-122.458433486867,37.7371851573775
87,Tenderloin,8j,District 8 - Northeast,87,-122.414308932712,37.7833705300767
88,Central Waterfront/Dogpatch,9j,District 9 - Central East,88,-122.386376666962,37.7569997822155
89,Candlestick Point,10m,District 10 - Southeast,89,-122.38652974348,37.7135644872558
90,Bayview Heights,10k,District 10 - Southeast,90,-122.396827509772,37.7195181561206
91,Little Hollywood,10n,District 10 - Southeast,91,-122.399573818598,37.7108962474891
92,Nob Hill,8c,District 8 - Northeast,92,-122.415421501581,37.7939991162468
